{
  "config": {
    "name": "grid_q2_l2_ry_rz_lr0p005",
    "n_qubits": 2,
    "n_layers": 2,
    "encoding": "ry_rz",
    "group": "grid",
    "lr": 0.005,
    "epochs": 40,
    "batch_size": 32,
    "eval_every": 5
  },
  "train_mse": 0.6243918538093567,
  "test_mse": 0.09574437141418457,
  "params": 17,
  "seconds": 19.487353599994094
}