{
  "config": {
    "name": "grid_q4_l6_ry_rz_lr0p03",
    "n_qubits": 4,
    "n_layers": 6,
    "encoding": "ry_rz",
    "group": "grid",
    "lr": 0.03,
    "epochs": 80,
    "batch_size": 32,
    "eval_every": 5
  },
  "train_mse": 6.5246977101196535e-06,
  "test_mse": 0.3713246285915375,
  "params": 79,
  "seconds": 61.89785049999773
}