epoch,train_loss,train_acc,test_loss,test_acc
1,2.068321,0.278500,1.774457,0.361000
2,1.523833,0.446500,1.463281,0.437000
3,1.265494,0.542000,1.368566,0.510000
