{
  "config": {
    "name": "grid_q2_l8_ry_rz_lr0p005",
    "n_qubits": 2,
    "n_layers": 8,
    "encoding": "ry_rz",
    "group": "grid",
    "lr": 0.005,
    "epochs": 40,
    "batch_size": 32,
    "eval_every": 5
  },
  "train_mse": 6.648159614996985e-05,
  "test_mse": 0.0735110342502594,
  "params": 53,
  "seconds": 63.35584960000415
}