{
  "config": {
    "name": "grid_q4_l4_ry_rz_lr0p03",
    "n_qubits": 4,
    "n_layers": 4,
    "encoding": "ry_rz",
    "group": "grid",
    "lr": 0.03,
    "epochs": 80,
    "batch_size": 32,
    "eval_every": 5
  },
  "train_mse": 0.08197493851184845,
  "test_mse": 0.0982363149523735,
  "params": 55,
  "seconds": 64.29903149999882
}