{
  "config": {
    "name": "grid_q3_l2_ry_rz_lr0p005",
    "n_qubits": 3,
    "n_layers": 2,
    "encoding": "ry_rz",
    "group": "grid",
    "lr": 0.005,
    "epochs": 40,
    "batch_size": 32,
    "eval_every": 5
  },
  "train_mse": 6.896011473145336e-05,
  "test_mse": 0.2453507035970688,
  "params": 24,
  "seconds": 28.40290639999148
}