epoch,train_loss,train_acc,test_loss,test_acc
1,2.311757,0.087891,2.270836,0.070312
2,2.265563,0.138672,2.247028,0.156250
