{
  "config": {
    "name": "grid_q3_l8_rx_ry_lr0p005",
    "n_qubits": 3,
    "n_layers": 8,
    "encoding": "rx_ry",
    "group": "grid",
    "lr": 0.005,
    "epochs": 40,
    "batch_size": 32,
    "eval_every": 5
  },
  "train_mse": 0.43293115496635437,
  "test_mse": 0.12149560451507568,
  "params": 78,
  "seconds": 89.12012359999062
}