epoch,train_loss,train_acc,test_loss,test_acc
1,2.301543,0.105469,2.275285,0.109375
2,2.245075,0.171875,2.274821,0.125000
