{
  "config": {
    "name": "grid_q2_l8_rx_ry_lr0p005",
    "n_qubits": 2,
    "n_layers": 8,
    "encoding": "rx_ry",
    "group": "grid",
    "lr": 0.005,
    "epochs": 40,
    "batch_size": 32,
    "eval_every": 5
  },
  "train_mse": 8.771557622822002e-05,
  "test_mse": 0.0703773945569992,
  "params": 53,
  "seconds": 61.92493500000273
}