{
  "config": {
    "name": "grid_q3_l4_ry_rz_lr0p005",
    "n_qubits": 3,
    "n_layers": 4,
    "encoding": "ry_rz",
    "group": "grid",
    "lr": 0.005,
    "epochs": 40,
    "batch_size": 32,
    "eval_every": 5
  },
  "train_mse": 2.6819223421625793e-05,
  "test_mse": 0.3200850486755371,
  "params": 42,
  "seconds": 50.65379630000098
}