{
  "config": {
    "name": "grid_q4_l4_rx_ry_lr0p005",
    "n_qubits": 4,
    "n_layers": 4,
    "encoding": "rx_ry",
    "group": "grid",
    "lr": 0.005,
    "epochs": 40,
    "batch_size": 32,
    "eval_every": 5
  },
  "train_mse": 7.016924064373598e-05,
  "test_mse": 0.04325147345662117,
  "params": 55,
  "seconds": 62.88878140000452
}