{
  "config": {
    "name": "grid_q3_l4_ry_rz_lr0p03",
    "n_qubits": 3,
    "n_layers": 4,
    "encoding": "ry_rz",
    "group": "grid",
    "lr": 0.03,
    "epochs": 80,
    "batch_size": 32,
    "eval_every": 5
  },
  "train_mse": 2.1269768694764934e-05,
  "test_mse": 0.18818676471710205,
  "params": 42,
  "seconds": 24.017152200001874
}