epoch,train_loss,train_acc,test_loss,test_acc
1,2.293415,0.115234,2.299414,0.085938
2,2.263105,0.189453,2.300960,0.164062
