epoch,train_loss,train_acc,test_loss,test_acc
1,2.233263,0.195000,2.141479,0.285156
2,1.920742,0.358000,1.822439,0.332031
3,1.588700,0.438000,1.605852,0.421875
