{
  "config": {
    "name": "grid_q4_l2_rx_ry_lr0p005",
    "n_qubits": 4,
    "n_layers": 2,
    "encoding": "rx_ry",
    "group": "grid",
    "lr": 0.005,
    "epochs": 40,
    "batch_size": 32,
    "eval_every": 5
  },
  "train_mse": 0.0644109696149826,
  "test_mse": 0.05372384563088417,
  "params": 31,
  "seconds": 35.10639210000227
}