{
  "config": {
    "name": "grid_q3_l6_ry_rz_lr0p03",
    "n_qubits": 3,
    "n_layers": 6,
    "encoding": "ry_rz",
    "group": "grid",
    "lr": 0.03,
    "epochs": 80,
    "batch_size": 32,
    "eval_every": 5
  },
  "train_mse": 0.035118188709020615,
  "test_mse": 0.2704399526119232,
  "params": 60,
  "seconds": 52.69480879999901
}