{
  "config": {
    "name": "grid_q3_l2_rx_ry_lr0p005",
    "n_qubits": 3,
    "n_layers": 2,
    "encoding": "rx_ry",
    "group": "grid",
    "lr": 0.005,
    "epochs": 40,
    "batch_size": 32,
    "eval_every": 5
  },
  "train_mse": 1.0413754353066906e-05,
  "test_mse": 0.34328046441078186,
  "params": 24,
  "seconds": 29.176848900009645
}