{
  "config": {
    "name": "grid_q4_l2_rx_ry_lr0p03",
    "n_qubits": 4,
    "n_layers": 2,
    "encoding": "rx_ry",
    "group": "grid",
    "lr": 0.03,
    "epochs": 80,
    "batch_size": 32,
    "eval_every": 5
  },
  "train_mse": 0.10289706289768219,
  "test_mse": 0.17310649156570435,
  "params": 31,
  "seconds": 21.24336239999684
}