{
  "config": {
    "name": "grid_q3_l4_rx_ry_lr0p03",
    "n_qubits": 3,
    "n_layers": 4,
    "encoding": "rx_ry",
    "group": "grid",
    "lr": 0.03,
    "epochs": 80,
    "batch_size": 32,
    "eval_every": 5
  },
  "train_mse": 0.0005961685092188418,
  "test_mse": 0.12799866497516632,
  "params": 42,
  "seconds": 23.584522999997716
}