{
  "config": {
    "name": "grid_q3_l8_rx_ry_lr0p03",
    "n_qubits": 3,
    "n_layers": 8,
    "encoding": "rx_ry",
    "group": "grid",
    "lr": 0.03,
    "epochs": 80,
    "batch_size": 32,
    "eval_every": 5
  },
  "train_mse": 0.025890463963150978,
  "test_mse": 0.5111996531486511,
  "params": 78,
  "seconds": 71.97033899999951
}