epoch,train_loss,train_acc,test_loss,test_acc
1,2.187410,0.187500,2.107390,0.210938
2,1.865389,0.347656,1.818799,0.359375
