epoch,train_loss,train_acc,test_loss,test_acc
1,2.211853,0.173500,2.060699,0.238000
2,1.983329,0.273500,1.950835,0.291000
3,1.870432,0.327000,1.869677,0.333000
