{
  "config": {
    "name": "grid_q3_l4_rx_ry_lr0p005",
    "n_qubits": 3,
    "n_layers": 4,
    "encoding": "rx_ry",
    "group": "grid",
    "lr": 0.005,
    "epochs": 40,
    "batch_size": 32,
    "eval_every": 5
  },
  "train_mse": 4.332688695285469e-05,
  "test_mse": 0.06818845868110657,
  "params": 42,
  "seconds": 51.58747579999908
}