epoch,train_loss,train_acc,test_loss,test_acc
1,2.312266,0.093750,2.304048,0.109375
2,2.303330,0.089844,2.312524,0.078125
