{
  "config": {
    "name": "grid_q4_l8_rx_ry_lr0p005_final",
    "n_qubits": 4,
    "n_layers": 8,
    "encoding": "rx_ry",
    "group": "final",
    "lr": 0.005,
    "epochs": 40,
    "batch_size": 32,
    "eval_every": 5
  },
  "train_mse": 8.985923341242597e-05,
  "test_mse": 0.029370957985520363,
  "params": 103,
  "seconds": 134.32493810000597
}