{
  "config": {
    "name": "grid_q2_l4_rx_ry_lr0p03",
    "n_qubits": 2,
    "n_layers": 4,
    "encoding": "rx_ry",
    "group": "grid",
    "lr": 0.03,
    "epochs": 80,
    "batch_size": 32,
    "eval_every": 5
  },
  "train_mse": 1.0806596947077196e-05,
  "test_mse": 0.3814277946949005,
  "params": 29,
  "seconds": 16.543359199997212
}